Entity,Type,Source_URL
GameStop,ORG,https://en.wikipedia.org/wiki/GameStop_short_squeeze
January 2021,DATE,https://en.wikipedia.org/wiki/GameStop_short_squeeze
Reddit,ORG,https://en.wikipedia.org/wiki/GameStop_short_squeeze
January 28,DATE,https://en.wikipedia.org/wiki/GameStop_short_squeeze
the beginning of the month,DATE,https://en.wikipedia.org/wiki/GameStop_short_squeeze
Robinhood,ORG,https://en.wikipedia.org/wiki/GameStop_short_squeeze
the next day,DATE,https://en.wikipedia.org/wiki/GameStop_short_squeeze
U.S.,GPE,https://en.wikipedia.org/wiki/GameStop_short_squeeze
the U.S. House Committee on Financial Services,ORG,https://en.wikipedia.org/wiki/GameStop_short_squeeze
late January,DATE,https://en.wikipedia.org/wiki/GameStop_short_squeeze
February 24,DATE,https://en.wikipedia.org/wiki/GameStop_short_squeeze
another month,DATE,https://en.wikipedia.org/wiki/GameStop_short_squeeze
March 24,DATE,https://en.wikipedia.org/wiki/GameStop_short_squeeze
March 25,DATE,https://en.wikipedia.org/wiki/GameStop_short_squeeze
the years,DATE,https://en.wikipedia.org/wiki/GameStop_short_squeeze
"January 22, 2021",DATE,https://en.wikipedia.org/wiki/GameStop_short_squeeze
Goldman Sachs,ORG,https://en.wikipedia.org/wiki/GameStop_short_squeeze
the prior 10 years.[7,DATE,https://en.wikipedia.org/wiki/GameStop_short_squeeze
"mid-2019, investor Michael Burry's Scion Asset Management",DATE,https://en.wikipedia.org/wiki/GameStop_short_squeeze
August 2020,DATE,https://en.wikipedia.org/wiki/GameStop_short_squeeze
Ryan Cohen,PERSON,https://en.wikipedia.org/wiki/GameStop_short_squeeze
Chewy,ORG,https://en.wikipedia.org/wiki/GameStop_short_squeeze
Keith Gill,PERSON,https://en.wikipedia.org/wiki/Keith_Gill
Keith Patrick Gill,PERSON,https://en.wikipedia.org/wiki/Keith_Gill
"June 8, 1986",DATE,https://en.wikipedia.org/wiki/Keith_Gill
Stonehill College,ORG,https://en.wikipedia.org/wiki/Keith_Gill
MassMutual Individual stock,ORG,https://en.wikipedia.org/wiki/Keith_Gill
GameStop,ORG,https://en.wikipedia.org/wiki/Keith_Gill
Keith Patrick Gill[1,PERSON,https://en.wikipedia.org/wiki/Keith_Gill
Reddit,ORG,https://en.wikipedia.org/wiki/Keith_Gill
YouTube,ORG,https://en.wikipedia.org/wiki/Keith_Gill
January 2021,DATE,https://en.wikipedia.org/wiki/Keith_Gill
Gill,PERSON,https://en.wikipedia.org/wiki/Keith_Gill
January 2021.[5,DATE,https://en.wikipedia.org/wiki/Keith_Gill
"Between 2021–2024,",DATE,https://en.wikipedia.org/wiki/Keith_Gill
June 2024,DATE,https://en.wikipedia.org/wiki/Keith_Gill
"Chewy, Inc.[7",ORG,https://en.wikipedia.org/wiki/Keith_Gill
Reuters,ORG,https://en.wikipedia.org/wiki/Keith_Gill
"January 28, 2021",DATE,https://en.wikipedia.org/wiki/Keith_Gill
the US House Financial Services Committee,ORG,https://en.wikipedia.org/wiki/Keith_Gill
"February 18, 2021",DATE,https://en.wikipedia.org/wiki/Keith_Gill
Steven,PERSON,https://en.wikipedia.org/wiki/Keith_Gill
"Elaine Gill,[13",PERSON,https://en.wikipedia.org/wiki/Keith_Gill
Brockton,GPE,https://en.wikipedia.org/wiki/Keith_Gill
2020,DATE,https://en.wikipedia.org/wiki/Keith_Gill
2009,DATE,https://en.wikipedia.org/wiki/Keith_Gill
the year,DATE,https://en.wikipedia.org/wiki/Keith_Gill
2008,DATE,https://en.wikipedia.org/wiki/Keith_Gill
Track & Field and Cross Country Coaches Association,ORG,https://en.wikipedia.org/wiki/Keith_Gill
that year.[20][21,DATE,https://en.wikipedia.org/wiki/Keith_Gill
Caroline,PERSON,https://en.wikipedia.org/wiki/Keith_Gill
2016,DATE,https://en.wikipedia.org/wiki/Keith_Gill
Congress,ORG,https://en.wikipedia.org/wiki/Keith_Gill
four-year,DATE,https://en.wikipedia.org/wiki/Keith_Gill
CFAI,ORG,https://en.wikipedia.org/wiki/Keith_Gill
the Financial Industry Regulatory Authority,ORG,https://en.wikipedia.org/wiki/Keith_Gill
FINRA,ORG,https://en.wikipedia.org/wiki/Keith_Gill
July 2012,DATE,https://en.wikipedia.org/wiki/Keith_Gill
MassMutual,ORG,https://en.wikipedia.org/wiki/Keith_Gill
2019,DATE,https://en.wikipedia.org/wiki/Keith_Gill
"February 26, 2021",DATE,https://en.wikipedia.org/wiki/Keith_Gill
January 28,DATE,https://en.wikipedia.org/wiki/Keith_Gill
Between 2010 and 2014,DATE,https://en.wikipedia.org/wiki/Keith_Gill
New Hampshire,GPE,https://en.wikipedia.org/wiki/Keith_Gill
LexShares,ORG,https://en.wikipedia.org/wiki/Keith_Gill
March 2017.[23,DATE,https://en.wikipedia.org/wiki/Keith_Gill
April 2019,DATE,https://en.wikipedia.org/wiki/Keith_Gill
"January 28, 2021.[31] Position in GameStop and",DATE,https://en.wikipedia.org/wiki/Keith_Gill
September 2019,DATE,https://en.wikipedia.org/wiki/Keith_Gill
the first days,DATE,https://en.wikipedia.org/wiki/Keith_Gill
late January 2021,DATE,https://en.wikipedia.org/wiki/Keith_Gill
June 2019,DATE,https://en.wikipedia.org/wiki/Keith_Gill
BlackBerry,ORG,https://en.wikipedia.org/wiki/Keith_Gill
Nokia,ORG,https://en.wikipedia.org/wiki/Keith_Gill
"January 31, 2012",DATE,https://en.wikipedia.org/wiki/R/wallstreetbets
Jaime Rogozinski,PERSON,https://en.wikipedia.org/wiki/R/wallstreetbets
Keith Gill,PERSON,https://en.wikipedia.org/wiki/R/wallstreetbets
wallstreetbets,ORG,https://en.wikipedia.org/wiki/R/wallstreetbets
WallStreetBets,ORG,https://en.wikipedia.org/wiki/R/wallstreetbets
WSB,ORG,https://en.wikipedia.org/wiki/R/wallstreetbets
GameStop,ORG,https://en.wikipedia.org/wiki/R/wallstreetbets
US,GPE,https://en.wikipedia.org/wiki/R/wallstreetbets
early 2021.[2,DATE,https://en.wikipedia.org/wiki/R/wallstreetbets
day,DATE,https://en.wikipedia.org/wiki/R/wallstreetbets
the Meme Man,PERSON,https://en.wikipedia.org/wiki/R/wallstreetbets
30 year old,DATE,https://en.wikipedia.org/wiki/R/wallstreetbets
Rogozinski,PERSON,https://en.wikipedia.org/wiki/R/wallstreetbets
TMZ Live.[14,ORG,https://en.wikipedia.org/wiki/R/wallstreetbets
four years,DATE,https://en.wikipedia.org/wiki/R/wallstreetbets
the end of 2016.[15,DATE,https://en.wikipedia.org/wiki/R/wallstreetbets
Reddit,ORG,https://en.wikipedia.org/wiki/R/wallstreetbets
April 2020,DATE,https://en.wikipedia.org/wiki/R/wallstreetbets
a month,DATE,https://en.wikipedia.org/wiki/R/wallstreetbets
February 2023,DATE,https://en.wikipedia.org/wiki/R/wallstreetbets
July 2023.[18,DATE,https://en.wikipedia.org/wiki/R/wallstreetbets
the end of 2022,DATE,https://en.wikipedia.org/wiki/R/wallstreetbets
Turing Pharma,ORG,https://en.wikipedia.org/wiki/R/wallstreetbets
Martin Shkreli,PERSON,https://en.wikipedia.org/wiki/R/wallstreetbets
BBC,ORG,https://en.wikipedia.org/wiki/R/wallstreetbets
America,GPE,https://en.wikipedia.org/wiki/R/wallstreetbets
"Mark Cuban,[20",PERSON,https://en.wikipedia.org/wiki/R/wallstreetbets
YouTube,ORG,https://en.wikipedia.org/wiki/R/wallstreetbets
Twitch,ORG,https://en.wikipedia.org/wiki/R/wallstreetbets
2020,DATE,https://en.wikipedia.org/wiki/R/wallstreetbets
Tesla,ORG,https://en.wikipedia.org/wiki/R/wallstreetbets
Elon Musk,PERSON,https://en.wikipedia.org/wiki/R/wallstreetbets
"January 22, 2021",DATE,https://en.wikipedia.org/wiki/R/wallstreetbets
Citron Research,ORG,https://en.wikipedia.org/wiki/R/wallstreetbets
January 26,DATE,https://en.wikipedia.org/wiki/R/wallstreetbets
u/DeepFuckingValue on,PERSON,https://en.wikipedia.org/wiki/R/wallstreetbets
"Tuesday, January 26",DATE,https://en.wikipedia.org/wiki/R/wallstreetbets
"January 24, 2021",DATE,https://en.wikipedia.org/wiki/R/wallstreetbets
"January 29, 2021.[30",DATE,https://en.wikipedia.org/wiki/R/wallstreetbets
January 27,DATE,https://en.wikipedia.org/wiki/R/wallstreetbets
AMC,ORG,https://en.wikipedia.org/wiki/R/wallstreetbets
"April 18, 2013",DATE,https://en.wikipedia.org/wiki/Robinhood_(company)
U.S.,GPE,https://en.wikipedia.org/wiki/Robinhood_(company)
Vladimir Tenev,PERSON,https://en.wikipedia.org/wiki/Robinhood_(company)
"Robinhood Markets, Inc.",ORG,https://en.wikipedia.org/wiki/Robinhood_(company)
Menlo Park,GPE,https://en.wikipedia.org/wiki/Robinhood_(company)
California,GPE,https://en.wikipedia.org/wiki/Robinhood_(company)
FDIC,ORG,https://en.wikipedia.org/wiki/Robinhood_(company)
Sherwood,ORG,https://en.wikipedia.org/wiki/Robinhood_(company)
Q4 2025,DATE,https://en.wikipedia.org/wiki/Robinhood_(company)
Sherwood.,ORG,https://en.wikipedia.org/wiki/Robinhood_(company)
UK,GPE,https://en.wikipedia.org/wiki/Robinhood_(company)
the European Union.[1,GPE,https://en.wikipedia.org/wiki/Robinhood_(company)
monthly,DATE,https://en.wikipedia.org/wiki/Robinhood_(company)
Robinhood,ORG,https://en.wikipedia.org/wiki/Robinhood_(company)
March 2025,DATE,https://en.wikipedia.org/wiki/Robinhood_(company)
History,ORG,https://en.wikipedia.org/wiki/Robinhood_(company)
April 2013,DATE,https://en.wikipedia.org/wiki/Robinhood_(company)
Baiju Bhatt,PERSON,https://en.wikipedia.org/wiki/Robinhood_(company)
New York City.[9,GPE,https://en.wikipedia.org/wiki/Robinhood_(company)
Robin Hood,PERSON,https://en.wikipedia.org/wiki/Robinhood_(company)
Tenev,PERSON,https://en.wikipedia.org/wiki/Robinhood_(company)
Bhatt,PERSON,https://en.wikipedia.org/wiki/Robinhood_(company)
2013,DATE,https://en.wikipedia.org/wiki/Robinhood_(company)
2020,DATE,https://en.wikipedia.org/wiki/Robinhood_(company)
LA Hacks,ORG,https://en.wikipedia.org/wiki/Robinhood_(company)
April 2014,DATE,https://en.wikipedia.org/wiki/Robinhood_(company)
December,DATE,https://en.wikipedia.org/wiki/Robinhood_(company)
the Apple App Store.[14,ORG,https://en.wikipedia.org/wiki/Robinhood_(company)
March 2015.[10][15][16,DATE,https://en.wikipedia.org/wiki/Robinhood_(company)
February 2018,DATE,https://en.wikipedia.org/wiki/Robinhood_(company)
Palo Alto,GPE,https://en.wikipedia.org/wiki/Robinhood_(company)
Sunset,ORG,https://en.wikipedia.org/wiki/Robinhood_(company)
Menlo Park.[17,GPE,https://en.wikipedia.org/wiki/Robinhood_(company)
That same month,DATE,https://en.wikipedia.org/wiki/Robinhood_(company)
March 2019,DATE,https://en.wikipedia.org/wiki/Robinhood_(company)
MarketSnacks,ORG,https://en.wikipedia.org/wiki/Robinhood_(company)
the Federal Deposit Insurance Corporation,ORG,https://en.wikipedia.org/wiki/Robinhood_(company)
December 2019.[23][24,DATE,https://en.wikipedia.org/wiki/Robinhood_(company)
the second quarter of 2020,DATE,https://en.wikipedia.org/wiki/Robinhood_(company)
the first quarter of 2020,DATE,https://en.wikipedia.org/wiki/Robinhood_(company)
March 2021,DATE,https://en.wikipedia.org/wiki/Robinhood_(company)
Binc,ORG,https://en.wikipedia.org/wiki/Robinhood_(company)
July 2021,DATE,https://en.wikipedia.org/wiki/Robinhood_(company)
August 2021,DATE,https://en.wikipedia.org/wiki/Robinhood_(company)
Say Technologies,ORG,https://en.wikipedia.org/wiki/Robinhood_(company)
December 2021,DATE,https://en.wikipedia.org/wiki/Robinhood_(company)
Cove Markets,ORG,https://en.wikipedia.org/wiki/Robinhood_(company)
April 2022,DATE,https://en.wikipedia.org/wiki/Robinhood_(company)
August that year,DATE,https://en.wikipedia.org/wiki/Robinhood_(company)
The following June,DATE,https://en.wikipedia.org/wiki/Robinhood_(company)
June 2023,DATE,https://en.wikipedia.org/wiki/Robinhood_(company)
X1,ORG,https://en.wikipedia.org/wiki/Robinhood_(company)
December 2023,DATE,https://en.wikipedia.org/wiki/Robinhood_(company)
Chartr,ORG,https://en.wikipedia.org/wiki/Robinhood_(company)
daily,DATE,https://en.wikipedia.org/wiki/Robinhood_(company)
March 2024,DATE,https://en.wikipedia.org/wiki/Robinhood_(company)
Marex FCM,ORG,https://en.wikipedia.org/wiki/Robinhood_(company)
the United Kingdom.[39][40][41,GPE,https://en.wikipedia.org/wiki/Robinhood_(company)
The following month,DATE,https://en.wikipedia.org/wiki/Robinhood_(company)
Melvin Capital,ORG,https://en.wikipedia.org/wiki/Melvin_Capital
2014,DATE,https://en.wikipedia.org/wiki/Melvin_Capital
Gabriel Plotkin,PERSON,https://en.wikipedia.org/wiki/Melvin_Capital
"June 30, 2022",DATE,https://en.wikipedia.org/wiki/Melvin_Capital
New York City,GPE,https://en.wikipedia.org/wiki/Melvin_Capital
U.S.,GPE,https://en.wikipedia.org/wiki/Melvin_Capital
Apr. 2022,DATE,https://en.wikipedia.org/wiki/Melvin_Capital
Melvin Capital II Offshore Ltd,ORG,https://en.wikipedia.org/wiki/Melvin_Capital
Melvin Capital Management,ORG,https://en.wikipedia.org/wiki/Melvin_Capital
New York City.[1,GPE,https://en.wikipedia.org/wiki/Melvin_Capital
"May 18, 2022",DATE,https://en.wikipedia.org/wiki/Melvin_Capital
Plotkin,PERSON,https://en.wikipedia.org/wiki/Melvin_Capital
June 2022,DATE,https://en.wikipedia.org/wiki/Melvin_Capital
April 2022,DATE,https://en.wikipedia.org/wiki/Melvin_Capital
annual,DATE,https://en.wikipedia.org/wiki/Melvin_Capital
January 2021.[5,DATE,https://en.wikipedia.org/wiki/Melvin_Capital
GameStop,ORG,https://en.wikipedia.org/wiki/Melvin_Capital
2021,DATE,https://en.wikipedia.org/wiki/Melvin_Capital
Q1 2021,DATE,https://en.wikipedia.org/wiki/Melvin_Capital
the year,DATE,https://en.wikipedia.org/wiki/Melvin_Capital
January 2022,DATE,https://en.wikipedia.org/wiki/Melvin_Capital
Northwestern University,ORG,https://en.wikipedia.org/wiki/Melvin_Capital
2001,DATE,https://en.wikipedia.org/wiki/Melvin_Capital
Ken Griffin's,PERSON,https://en.wikipedia.org/wiki/Melvin_Capital
Citadel,ORG,https://en.wikipedia.org/wiki/Melvin_Capital
Connecticut,GPE,https://en.wikipedia.org/wiki/Melvin_Capital
North Sound Capital.[9,ORG,https://en.wikipedia.org/wiki/Melvin_Capital
Steve Cohen's,PERSON,https://en.wikipedia.org/wiki/Melvin_Capital
SAC Capital,ORG,https://en.wikipedia.org/wiki/Melvin_Capital
the Securities and Exchange Commission's,ORG,https://en.wikipedia.org/wiki/Melvin_Capital
Michael Steinberg,PERSON,https://en.wikipedia.org/wiki/Melvin_Capital
SAC,ORG,https://en.wikipedia.org/wiki/Melvin_Capital
Dell,ORG,https://en.wikipedia.org/wiki/Melvin_Capital
late 2014,DATE,https://en.wikipedia.org/wiki/Melvin_Capital
Bloomberg,ORG,https://en.wikipedia.org/wiki/Melvin_Capital
between 2014 and 2020,DATE,https://en.wikipedia.org/wiki/Melvin_Capital
its first full year,DATE,https://en.wikipedia.org/wiki/Melvin_Capital
2015,DATE,https://en.wikipedia.org/wiki/Melvin_Capital
Point72,ORG,https://en.wikipedia.org/wiki/Melvin_Capital
the same year.[17,DATE,https://en.wikipedia.org/wiki/Melvin_Capital
JCPenney,ORG,https://en.wikipedia.org/wiki/Melvin_Capital
SunEdison,ORG,https://en.wikipedia.org/wiki/Melvin_Capital
2017,DATE,https://en.wikipedia.org/wiki/Melvin_Capital
Chewy,ORG,https://en.wikipedia.org/wiki/Melvin_Capital
Amazon,ORG,https://en.wikipedia.org/wiki/Melvin_Capital
Las Vegas Sands,ORG,https://en.wikipedia.org/wiki/Melvin_Capital
Alibaba,ORG,https://en.wikipedia.org/wiki/Melvin_Capital
The Wall Street Journal,ORG,https://en.wikipedia.org/wiki/Melvin_Capital
2019,DATE,https://en.wikipedia.org/wiki/Melvin_Capital
Melvin Capital.[20,ORG,https://en.wikipedia.org/wiki/Melvin_Capital
the end of 2020,DATE,https://en.wikipedia.org/wiki/Melvin_Capital
September 2020,DATE,https://en.wikipedia.org/wiki/Melvin_Capital
CD Projekt,ORG,https://en.wikipedia.org/wiki/Melvin_Capital
the Warsaw Stock Exchange,ORG,https://en.wikipedia.org/wiki/Melvin_Capital
early 2021,DATE,https://en.wikipedia.org/wiki/Melvin_Capital
January,DATE,https://en.wikipedia.org/wiki/Melvin_Capital
Melvin,ORG,https://en.wikipedia.org/wiki/Melvin_Capital
CNBC,ORG,https://en.wikipedia.org/wiki/Melvin_Capital
Andrew Ross Sorkin,PERSON,https://en.wikipedia.org/wiki/Melvin_Capital
January 26,DATE,https://en.wikipedia.org/wiki/Melvin_Capital
January 27,DATE,https://en.wikipedia.org/wiki/Melvin_Capital
Bloomberg News,ORG,https://en.wikipedia.org/wiki/Melvin_Capital
January 24,DATE,https://en.wikipedia.org/wiki/Melvin_Capital
Melvin,PERSON,https://en.wikipedia.org/wiki/Melvin_Capital
